<?xml version="1.0" encoding="UTF-8"?>
<project-private xmlns="http://www.netbeans.org/ns/project-private/1">
    <editor-bookmarks xmlns="http://www.netbeans.org/ns/editor-bookmarks/2" lastBookmarkId="0"/>
    <open-files xmlns="http://www.netbeans.org/ns/projectui-open-files/2">
        <group>
            <file>file:/D:/KULIAH/CCIT/Semester%204/Java/Project%20CRUD%20Java/LaundryProject/src/laundry/pembayaran.java</file>
            <file>file:/D:/KULIAH/CCIT/Semester%204/Java/Project%20CRUD%20Java/LaundryProject/src/laundry/menu.java</file>
            <file>file:/D:/KULIAH/CCIT/Semester%204/Java/Project%20CRUD%20Java/LaundryProject/src/laundry/pelanggan.java</file>
        </group>
    </open-files>
</project-private>
